Ticker,Company,MS,MBI,MB,CNN,BS
AAAP,Advanced Accelerator Applications SA,False,False,True,True,False
AASL,America's Suppliers Inc,False,False,True,True,False
AASP,All-American SportPark Inc,False,False,True,True,False
ABAT,Advanced Battery Technologies Inc,False,False,True,False,False
ABAX,Abaxis Inc,False,False,True,False,False
ABCP,Ambase Corp,False,False,True,True,False
ABEC,Analytica Bio-Energy Corp,False,False,True,True,False
ABHD,Abtech Holdings Inc,False,False,True,False,False
ABLX,Ablynx NV,False,False,True,False,False
ABML,American Battery Metals Corporation,False,False,True,True,False
ABNK,AltaPacific Bancorp,False,False,True,False,False
ABQQ,AB International Group Corp,False,False,True,True,False
ABVC,American BriVision Holding Corp,False,False,True,True,False
ACAN,Americann Inc,False,False,True,True,False
ACAS,American Capital Ltd,False,False,True,False,False
ACCA,Acacia Diversified Holdings Inc,False,False,True,True,False
ACRL,Atacama Resources International Inc,False,False,True,True,False
ACT,Allergan PLC,False,False,True,True,False
ACTS,Actions Semiconductor Co Ltd,False,False,True,False,False
ACV,,False,False,True,True,False
ADFS,American Defense Systems Inc,False,False,True,True,False
ADMG,Adamant DRI Processing and Minerals Group,False,False,True,True,False
AEB,,False,False,True,True,False
AEGG,The American Energy Group Ltd,False,False,True,True,False
AEMC,Archer Entertainment,False,False,True,True,False
AERG,Applied Energetics Inc,False,False,True,True,False
AERO,AeroGrow International Inc,False,False,True,True,False
AERT,Advanced Environmental Recycling Technologies Inc,False,False,True,False,False
AFAM,Almost Family Inc,False,False,True,False,False
AFC,,False,False,True,True,False
AFGR,Affinion Group Holdings Inc,False,False,True,False,False
AFOP,Alliance Fiber Optic Products Inc,False,False,True,False,False
AGHC,Aeon Global Health Corp,False,False,True,True,False
AGHI,Agora Holdings Inc,False,False,True,True,False
AGTK,Agritek Holdings Inc,False,False,True,True,False
AGTX,Agentix Corp,False,False,True,True,False
AGU,Agrium Inc,False,False,True,False,False
AHNR,Athena Silver Corp,False,False,True,True,False
AIFS,Agent Information Software Inc,False,False,True,True,False
AJSB,Ajs Bancorp Inc,False,False,True,False,False
ALAN,Alanco Technologies Inc,False,False,True,True,False
ALLM,Alliance Bioenergy Plus Inc,False,False,True,True,False
ALPE,alpha-En Corp,False,False,True,True,False
ALST,AllStar Health Brands Inc,False,False,True,True,False
ALTD,Altitude International Inc,False,False,True,True,False
ALTI,Altair Nanotechnologies Inc,False,False,True,False,False
ALTN,Alternus Energy Inc,False,False,True,True,False
ALU,Alcatel-Lucent SA,False,False,True,False,False
ALYE,Aly Energy Services Inc,False,False,True,True,False
AMAR,Amarillo Biosciences Inc,False,False,True,True,False
AMBS,Amarantus Bioscience Holdings Inc,False,False,True,True,False
AMBZ,American Business Bank,False,False,True,True,False
AMEN,AMEN Properties Inc,False,False,True,True,False
AMIC,American Independence Corp,False,False,True,False,False
AMMJ,American Cannabis Co Inc,False,False,True,True,False
AMMX,AmeraMex International Inc,False,False,True,True,False
AMNC,Amincor Inc,False,False,True,True,False
AMNL,Applied Minerals Inc,False,False,True,True,False
AMPG,AmpliTech Group Inc,False,False,True,True,False
AMRH,Ameri Holdings Inc,False,False,True,True,False
AMSE,American Sands Energy Corp,False,False,True,False,False
AMTY,Amerityre Corp,False,False,True,True,False
ANAV,Alpha Network Alliance Ventures Inc,False,False,True,True,False
ANDR,Andrea Electronics Corp,False,False,True,True,False
ANFC,Black Ridge Oil & Gas Inc,False,False,True,True,False
AOBI,American Oriental Bioengineering Inc,False,False,True,True,False
AOCN,Bank Ocean City,False,False,True,False,False
AOXG,Aoxing Pharmaceutical Co Inc,False,False,True,True,False
AOXY,Advanced Oxygen Technologies Inc,False,False,True,True,False
APEX,Apex Global Brands Inc,False,False,True,True,False
APGI,American Power Group Corp,False,False,True,True,False
APIC,Apigee Corp,False,False,True,False,False
APPB,Applied Biosciences Corp,False,False,True,True,False
APTL,Alaska Power & Telephone Co,False,False,True,True,False
ARAO,AuraSource Inc,False,False,True,True,False
ARTH,Arch Therapeutics Inc,False,False,True,True,False
ARYC,Arrayit Corp,False,False,True,True,False
ASDN,Astro Aerospace Ltd,False,False,True,True,False
ASEI,American Science & Engineering Inc,False,False,True,True,False
ASKH,Astika Holdings Inc,False,False,True,True,False
ASNB,EKIMAS Corp,False,False,True,True,False
ASTO,Astro Communications Inc,False,False,True,True,False
ATEX,Anterix Inc,False,False,True,True,False
ATGN,AltiGen Communications Inc,False,False,True,True,False
ATMS,Artemis Therapeutics Inc,False,False,True,True,False
AUNB,Americas United Bank Ca,False,False,True,False,False
AURM,Aurum Inc,False,False,True,True,False
AUSI,Aura Systems Inc,False,False,True,True,False
AVBH,Avidbank Holdings Inc,False,False,True,True,False
AVDX,Avant Diagnostics Inc,False,False,True,False,False
AVNI,Arvana Inc,False,False,True,True,False
AVOL,Avolon Holdings Ltd,False,False,True,False,False
AVXS,AveXis Inc,False,False,True,False,False
AXIM,AXIM Biotechnologies Inc,False,False,True,True,False
AXLE,TJT Inc,False,False,True,True,False
AXXA,Exxe Group Inc,False,False,True,True,False
BAA,Banro Corp,False,False,True,False,False
BABB,BAB Inc,False,False,True,True,False
BAR,,False,False,True,True,False
BARK,Bank of Akron,False,False,True,True,False
BASA,Basanite Inc,False,False,True,True,False
BASX,Basic Energy Services Inc,False,False,True,True,False
BAYK,Bay Banks of Virginia Inc,False,False,True,True,False
BAYN,Bay National Corp,False,False,True,True,False
BBBI,Birmingham Bloomfield Bancshares Inc,False,False,True,False,False
BBLS,Petrolia Energy Corp,False,False,True,True,False
BCDS,Blaqclouds Inc,False,False,True,True,False
BCYP,Blue Calypso Inc,False,False,True,False,False
BDIC,Blow & Drive Interlock Corp,False,False,True,True,False
BEE,Strategic Hotels & Resorts Inc,False,False,True,False,False
BETR,Amplify Snack Brands Inc,False,False,True,False,False
BFDI,Brekford Traffic Safety Inc,False,False,True,False,False
BFFI,Ben Franklin Financial Inc,False,False,True,True,False
BFGC,Bullfrog Gold Corp,False,False,True,True,False
BGRP,Bluestem Group Inc,False,False,True,True,False
BHLL,Bunker Hill Mining Corp,False,False,True,True,False
BHWB,Blackhawk Bancorp Inc,False,False,True,True,False
BICX,BioCorRx Inc,False,False,True,True,False
BIMI,BOQI International Medical Inc,False,False,True,True,False
BIOQ,Bioqual Inc,False,False,True,True,False
BITI,Biotie Therapies Corp,False,False,True,False,False
BKFG,BKF Capital Group Inc,False,False,True,True,False
BKKN,Bakken Resources Inc,False,False,True,False,False
BLBK,BOLDFACE Group Inc,False,False,True,False,False
BLGO,BioLargo Inc,False,False,True,True,False
BLMC,Biloxi Marsh Lands Corp,False,False,True,True,False
BLPH,Bellerophon Therapeutics Inc,False,False,True,True,False
BLT,Blount International Inc,False,False,True,False,False
BLW,,False,False,True,True,False
BMLP,,False,False,True,True,False
BMNM,Bimini Capital Management Inc,False,False,True,True,False
BMTM,Bright Mountain Media Inc,False,False,True,True,False
BNCC,BNCCORP Inc,False,False,True,True,False
BNET,Bion Environmental Technologies Inc,False,False,True,True,False
BNKL,Bionik Laboratories Corp,False,False,True,True,False
BNKU,,False,False,True,True,False
BNNP,Bank of Napa NA,False,False,True,False,False
BNXR,Brinx Resources Ltd,False,False,True,True,False
BOBE,Bob Evans Farms Inc,False,False,True,False,False
BODY,Body Central Corp,False,False,True,False,False
BONA,Bona Film Group Ltd,False,False,True,False,False
BPR,,False,False,True,False,False
BPSR,Organicell Regenerative Medicine Inc,False,False,True,True,False
BRBW,Brunswick Bancorp,False,False,True,True,False
BRCM,Broadcom Corp,False,False,True,False,False
BRFH,Barfresh Food Group Inc,False,False,True,True,False
BRGO,Bergio International Inc,False,False,True,True,False
BRVO,Bravo Multinational Inc,False,False,True,True,False
BSCA,Bank Of Santa Clarita Ca,False,False,True,True,False
BSPB,BOSP Bancshares Inc,False,False,True,True,False
BSRC,BioSolar Inc,False,False,True,True,False
BTCS,BTCS Inc,False,False,True,True,False
BTCY,Biotricity Inc,False,False,True,True,False
BTH,Blyth Inc,False,False,True,False,False
BTHE,Boston Therapeutics Inc,False,False,True,True,False
BTHT,Best Hometown Bancorp Inc,False,False,True,False,False
BUDZ,Weed Inc,False,False,True,True,False
BUFF,Blue Buffalo Pet Products Inc,False,False,True,False,False
BUKS,Butler National Corp,False,False,True,True,False
BVBC,Blue Valley Ban Corp,False,False,True,False,False
BVFL,Bv Financial Inc,False,False,True,True,False
BVTK,Bravatek Solutions Inc,False,False,True,True,False
BWEL,Boswell (JG) Co,False,False,True,True,False
BWLD,Buffalo Wild Wings Inc,False,False,True,False,False
BWP,Boardwalk Pipeline Partners LP,False,False,True,True,False
BXLC,Bexil Corp,False,False,True,True,False
CA,CA Inc,False,False,True,False,False
CAFD,8point3 Energy Partners LP,False,False,True,False,False
CAFI,Consumer Automotive Finance Inc,False,False,True,True,False
CAGU,Castle Group Inc,False,False,True,True,False
CALW,CalWest Bancorp,False,False,True,True,False
CAM,Cameron International Corp,False,False,True,False,False
CAME,ChinAmerica Andy Movie Entertainment Media Co,False,False,True,False,False
CANB,Can B Corp,False,False,True,True,False
CANN,General Cannabis Corp,False,False,True,True,False
CANX,CannAwake Corp,False,False,True,True,False
CAPC,Capstone Companies Inc,False,False,True,True,False
CAPD,CannaPowder Inc,False,False,True,True,False
CAPP,Capstone Financial Group Inc,False,False,True,True,False
CAPS,Capstone Therapeutics Corp,False,False,True,True,False
CBAI,CBA Florida Inc,False,False,True,True,False
CBBC,CBBC Bancorp,False,False,True,False,False
CBBI,CBB Bancorp Inc,False,False,True,True,False
CBCO,Coastal Banking Co Inc,False,False,True,False,False
CBCY,Central Bancompany,False,False,True,True,False
CBDC,Apotheca Biosciences Inc,False,False,True,False,False
CBDS,Cannabis Sativa Inc,False,False,True,True,False
CBFC,CNB Financial Services Inc,False,False,True,True,False
CBI,Chicago Bridge & Iron Co NV,False,False,True,False,False
CBKC,Christopher & Banks Corp,False,False,True,True,False
CBKM,Consumers Bancorp Inc,False,False,True,True,False
CBNT,C-Bond Systems Inc,False,False,True,True,False
CCBC,Chino Commercial Bancorp,False,False,True,True,False
CCEL,Cryo-Cell International Inc,False,False,True,True,False
CCFN,CCFNB Bancorp Inc,False,False,True,True,False
CCOM,CCOM Group Inc,False,False,True,True,False
CCOP,Competitive Companies Inc,False,False,True,True,False
CCSB,Community Savings Bancorp Inc,False,False,True,True,False
CCTC,Clean Coal Technologies Inc,False,False,True,True,False
CCZ,,False,False,True,True,False
CDCO,Comdisco Holding Co Inc,False,False,True,False,False
CEFC,Commercial National Financial Corp (MI),False,False,True,True,False
CERX,Colombia Energy Resources Inc,False,False,True,True,False
CET,,False,False,True,True,False
CETY,Clean Energy Technologies Inc,False,False,True,True,False
CFBN,Community 1st Bancorp,False,False,True,False,False
CFIN,Citizens Financial Corp,False,False,True,True,False
CFRX,ContraFect Corp,False,False,True,True,False
CGEI,CGE Energy Inc,False,False,True,True,False
CGLD,Buscar Co,False,False,True,True,False
CGLO,China Global Media Inc,False,False,True,True,False
CGLO,Coro Global Inc,False,False,True,True,False
CGNH,CardioGenics Holdings Inc,False,False,True,True,False
CGRW,CannaGrow Holdings Inc,False,False,True,True,False
CHBH,Croghan Bancshares Inc,False,False,True,True,False
CHCR,Advanzeon Solutions Inc,False,False,True,True,False
CHEV,Cheviot Financial Corp,False,False,True,False,False
CHGI,China Carbon Graphite Group Inc,False,False,True,True,False
CHMP,Champion Industries Inc,False,False,True,True,False
CHSP,Chesapeake Lodging Trust,False,False,True,False,False
CIBN,Community Investors Bancorp Inc,False,False,True,True,False
CICN,Cicero Inc,False,False,True,True,False
CIIX,Chineseinvestors.com Inc,False,False,True,True,False
CIND,China Industrial Group,False,False,True,True,False
CITY,Avalon Correctional Services Inc,False,False,True,True,False
CITZ,Citizens Bancshares Corp,False,False,True,True,False
CIWT,China Industrial Waste Management Inc,False,False,True,True,False
CIWV,Citizens Financial Corp WV,False,False,True,True,False
CKFC,Clarkston Financial Corp,False,False,True,True,False
CLCN,Creative Learning Corp,False,False,True,True,False
CLEV,Concrete Leveling Systems Inc,False,False,True,True,False
CLIN,Cleopatra International Group Inc,False,False,True,True,False
CLOK,Cipherloc Corp,False,False,True,True,False
CLPT,ClearPoint Neuro Inc,False,False,True,True,False
CLSH,CLS Holdings USA Inc,False,False,True,True,False
CLV,Cleveland-Cliffs Inc,False,False,True,False,False
CMCI,China Modern Agricultural Information Inc,False,False,True,True,False
CMFO,China Marine Food Group Ltd,False,False,True,True,False
CMOH,Commercial Bancshares Inc,False,False,True,False,False
CMRO,Comarco Inc,False,False,True,False,False
CMTB,Community Bank of Bergen County,False,False,True,False,False
CMTV,Community Bancorp Inc,False,False,True,True,False
CMU,,False,False,True,True,False
CMXC,Cell MedX Corp,False,False,True,True,False
CMXX,Cimetrix Inc,False,False,True,True,False
CNAB,United Cannabis Corp,False,False,True,False,False
CNBX,Cannabics Pharmaceuticals Inc,False,False,True,True,False
CNCG,Concierge Technologies Inc,False,False,True,True,False
CNGO,Cengage Learning Holdings II Inc,False,False,True,True,False
CNIG,Corning Natural Gas Holding Corp,False,False,True,True,False
CNRB,Congaree Bancshares Inc,False,False,True,False,False
CNRD,Conrad Industries Inc,False,False,True,True,False
CNRR,Cn Resources Inc,False,False,True,True,False
CNYD,China Yida Holding Co,False,False,True,False,False
COSG,Cosmos Group Holdings Inc,False,False,True,True,False
COSM,Cosmos Holdings Inc,False,False,True,True,False
CPFH,Capital Financial Holdings Inc,False,False,True,True,False
CPHT,Champaign Telephone Co,False,False,True,False,False
CPKA,Chase Packaging Corp,False,False,True,True,False
CPKF,Chesapeake Financial Shares Inc,False,False,True,True,False
CPLA,Capella Education Co,False,False,True,False,False
CPTP,Capital Properties Inc,False,False,True,True,False
CPWR,Ocean Thermal Energy Corp,False,False,True,True,False
CPXX,Celator Pharmaceuticals Inc,False,False,True,False,False
CQH,Cheniere Energy Partners LP Holdings LLC,False,False,True,False,False
CRBO,Carbon Energy Corp,False,False,True,True,False
CRCW,The Crypto Co,False,False,True,True,False
CRGS,CurAegis Technologies Inc,False,False,True,True,False
CRMZ,CreditRiskMonitor.com Inc,False,False,True,True,False
CRPB,California Republic Bancorp,False,False,True,False,False
CRSB,Cornerstone Community Bancorp,False,False,True,True,False
CRSS,Crossroads Systems Inc,False,False,True,True,False
CRVW,CareView Communications Inc,False,False,True,True,False
CRXM,Gene Biotherapeutics Inc,False,False,True,True,False
CSBB,CSB Bancorp Inc,False,False,True,True,False
CSCD,Cascade Microtech Inc,False,False,True,False,False
CSH,Cash America International Inc,False,False,True,False,False
CSHB,Community Shores Bank Corp,False,False,True,True,False
CSTI,Costar Technologies Inc,False,False,True,True,False
CSVI,Computer Services Inc,False,False,True,True,False
CTAM,A.M. Castle & Co,False,False,True,True,False
CTBS,Citizens Bankshares Inc,False,False,True,False,False
CTCM,CTC Media Inc,False,False,True,False,False
CTDH,Cyclo Therapeutics Inc,False,False,True,True,False
CTF,Nuveen Long/Short Commodity TR Fund,False,False,True,False,False
CTGO,Contango Ore Inc,False,False,True,True,False
CTIG,CTI Group Holdings Inc,False,False,True,False,False
CTLR,Continental Resources,False,False,True,False,False
CTP,Central Petroleum Ltd,False,False,True,False,False
CTTC,Calmare Therapeutics Inc,False,False,True,True,False
CTUY,Century Next Financial Corp,False,False,True,True,False
CUEN,Cuentas Inc,False,False,True,True,False
CURM,CUR Media Inc,False,False,True,True,False
CVAT,Cavitation Technologies Inc,False,False,True,True,False
CVHL,Realty Finance Corp,False,False,True,True,False
CVLB,Conversion Labs Inc,False,False,True,True,False
CVSI,CV Sciences Inc,False,False,True,True,False
CWBB,Commonwealth Business Bank,False,False,True,False,False
CWBK,CommerceWest Bank,False,False,True,True,False
CWGL,Crimson Wine Group Ltd,False,False,True,True,False
CWPS,Conwest Associates LP,False,False,True,True,False
CWRK,CurrencyWorks Inc,False,False,True,True,False
CXDO,Crexendo Inc,False,False,True,True,False
CXGP,China Xingbang Ind Group Inc,False,False,True,True,False
CYDY,CytoDyn Inc,False,False,True,True,False
CYFL,Century Financial Corp,False,False,True,True,False
CYHC,Country Bank Holding Co Inc,False,False,True,False,False
CYLU,Cyalume Technologies Holdings Inc,False,False,True,False,False
CYNA,Cynapsus Therapeutics Inc,False,False,True,False,False
CYVF,Crystal Valley Financial Corp,False,False,True,True,False
CZBS,Citizens Bancshares Corp,False,False,True,True,False
CZBT,Citizens Bancorp of Virginia Inc,False,False,True,True,False
CZFS,Citizens Financial Services Inc,False,False,True,True,False
CZYB,CCB Bankshares Inc,False,False,True,False,False
DANG,E-Commerce China Dangdang Inc,False,False,True,False,False
DATE,Jiayuan.com International Ltd,False,False,True,False,False
DBRM,Daybreak Oil & Gas Inc,False,False,True,True,False
DCBF,DCB Financial Corp,False,False,True,False,False
DCUA,Dominion Energy Inc,False,False,True,False,False
DCUB,Dominion Energy Inc,False,False,True,False,False
DDCC,Double Crown Resources Inc,False,False,True,False,False
DENR,Discovery Energy Corp,False,False,True,True,False
DEWY,Dewey Electronics Corp,False,False,True,True,False
DEX,,False,False,True,True,False
DGTC,DGT Holdings Corp,False,False,True,False,False
DHCC,Diamondhead Casino Corp,False,False,True,True,False
DIGP,DigiPath Inc,False,False,True,True,False
DIMC,Dimeco Inc,False,False,True,True,False
DIRV,DirectView Holdings Inc,False,False,True,True,False
DLNO,Delanco Bancorp Inc,False,False,True,False,False
DLYT,Dais Corp,False,False,True,True,False
DMFG,Decker Manufacturing Corp,False,False,True,True,False
DPDW,Deep Down Inc,False,False,True,True,False
DPSI,DecisionPoint Systems Inc,False,False,True,True,False
DRTF,Dart Financial Corp,False,False,True,False,False
DSFN,DSA Financial Corp,False,False,True,False,False
DSKY,iDreamSky Technology Ltd,False,False,True,False,False
DSNY,Destiny Media Technologies Inc,False,False,True,True,False
DTF,,False,False,True,True,False
DTGI,Digerati Technologies Inc,False,False,True,True,False
DTLK,Datalink Corp,False,False,True,False,False
DTOR,Del Toro Silver Corp,False,False,True,False,False
DTRC,Dakota Territory Resource Corp,False,False,True,True,False
DTRK,DATATRAK International Inc,False,False,True,True,False
DTRL,Detroit Legal News Co,False,False,True,True,False
DTRX,Detrex Corp,False,False,True,False,False
DTST,Data Storage Corp,False,False,True,True,False
DTY,,False,False,True,True,False
DVFL,Davis Trust Financial Corp.,False,False,True,False,False
DVLY,Deer Valley Corp,False,False,True,True,False
DVMT,Dell-VMWare Tracking Stock,False,False,True,False,False
DWA,Dreamworks Animation SKG Inc,False,False,True,False,False
DWNX,Delhi Bank Corp,False,False,True,True,False
DWOG,Deep Well Oil & Gas Inc,False,False,True,True,False
DYNE,Dyntek Inc,False,False,True,True,False
DYNR,DynaResource Inc,False,False,True,True,False
EAI,,False,False,True,True,False
ECIA,Encision Inc,False,False,True,True,False
EENX,Energenx Inc,False,False,True,True,False
EFCT,EFactor Group Corp,False,False,True,False,False
EFSI,Eagle Financial Services Inc,False,False,True,True,False
EFUT,eFuture Holding Inc,False,False,True,False,False
EGDW,Edgewater Bancorp Inc,False,False,True,True,False
EJ,E-House China Holdings Ltd,False,False,True,False,False
EKFC,Eureka Financial Corp,False,False,True,False,False
ELC,,False,False,True,True,False
ELCO,Elcom International Inc,False,False,True,True,False
ELIO,Elio Motors Inc,False,False,True,True,False
ELLH,Elah Holdings Inc,False,False,True,True,False
ELMA,Elmer Bancorp Inc,False,False,True,True,False
ELST,Electronic Systems Technology Inc,False,False,True,True,False
ELTP,Elite Pharmaceuticals Inc,False,False,True,True,False
EMBI,Emerald Bioscience Inc,False,False,True,True,False
EMC,EMC Corp,False,False,True,False,False
EMGC,Emergent Capital Inc,False,False,True,True,False
EMP,,False,False,True,True,False
EMPK,Empire Bancorp Inc,False,False,True,True,False
EMPR,Empire Petroleum Corp,False,False,True,True,False
EMYB,Embassy Bancorp Inc,False,False,True,True,False
ENBN,Enterprise Bank NJ,False,False,True,False,False
ENBP,ENB Financial Corp,False,False,True,True,False
ENDV,Endonovo Therapeutics Inc,False,False,True,True,False
ENGT,Energy & Technology Corp,False,False,True,True,False
ENOC,EnerNOC Inc,False,False,True,False,False
ENRT,Enertopia Corp,False,False,True,True,False
ENTL,Entellus Medical Inc,False,False,True,False,False
EOCA,Endesa Americas SA,False,False,True,False,False
EQUR,E-Qure Corp,False,False,True,True,False
ERBA,ERBA Diagnostics Inc,False,False,True,True,False
ERFB,ERF Wireless Inc,False,False,True,True,False
ERGO,Entia Biosciences Inc,False,False,True,True,False
ERMS,eRoomSystem Technologies Inc,False,False,True,False,False
ESOA,Energy Services of America Corp,False,False,True,True,False
ESRX,Express Scripts Holding Co,False,False,True,False,False
ESSI,Eco Science Solutions Inc,False,False,True,False,False
ESSX,Essex Rental Corp.,False,False,True,False,False
ETCC,Environmental Tectonics Corp,False,False,True,True,False
ETCG,Ethereum Classic Investment Trust,False,False,True,True,False
ETST,Earth Science Tech Inc,False,False,True,True,False
EUSP,Eurosite Power Inc,False,False,True,True,False
EVF,,False,False,True,True,False
EVTN,Enviro Technologies Inc,False,False,True,True,False
EXCH,Exchange Bancshares Inc,False,False,True,True,False
EXDI,Exactus Inc,False,False,True,True,False
EXDW,Exceed World Inc,False,False,True,True,False
EXEO,Exeo Entertainment Inc,False,False,True,True,False
EXNT,Enxnet Inc,False,False,True,True,False
EXPL,Endurance Exploration Group Inc,False,False,True,True,False
EXSR,Exchange Bank Santa Rosa,False,False,True,True,False
EZCH,EZChip Semiconductor Ltd,False,False,True,False,False
FBAK,First National Bank Alaska,False,False,True,True,False
FBLV,First Bancorp,False,False,True,True,False
FBTT,First Bankers Trustshares Inc,False,False,True,True,False
FBVA,Farmers Bankshares Inc,False,False,True,True,False
FCBI,Frederick County Bancorp Inc,False,False,True,False,False
FCHS,First Choice Healthcare Solutions Inc,False,False,True,True,False
FCIC,FCCC Inc,False,False,True,True,False
FCIT,First Citrus Bancorp Inc,False,False,True,True,False
FCOB,1st Colonial Bancorp Inc,False,False,True,True,False
FCRM,Franklin Credit Management Corp,False,False,True,True,False
FCUV,Focus Universal Inc,False,False,True,True,False
FDEU,,False,False,True,True,False
FDVA,Freedom Bank Of Virginia,False,False,True,True,False
FEIC,FEI Co,False,False,True,False,False
FETM,Fentura Financial Inc,False,False,True,True,False
FFBW,FFBW Inc,False,False,True,True,False
FFHD,FirstAtlantic Financial Holdings Inc,False,False,True,False,False
FFMH,First Farmers and Merchants Corp,False,False,True,True,False
FFMR,First Farmers Financial Corp,False,False,True,True,False
FFWC,FFW Corp,False,False,True,True,False
FGCO,Financial Gravity Companies Inc,False,False,True,True,False
FHLB,Friendly Hills Bank,False,False,True,True,False
FIBH,"First Bancshares, Inc.",False,False,True,True,False
FINL,Finish Line Inc,False,False,True,False,False
FIRT,First BancTrust Corp,False,False,True,False,False
FISB,1st Capital Bank,False,False,True,True,False
FIV,,False,False,True,True,False
FKWL,Franklin Wireless Corp,False,False,True,True,False
FKYS,First Keystone Corp,False,False,True,True,False
FLEW,Fleetwood Bank Corp,False,False,True,True,False
FLTX,FleetMatics Group PLC,False,False,True,False,False
FLUX,Flux Power Holdings Inc,False,False,True,True,False
FLXT,Flexpoint Sensor Systems Inc,False,False,True,True,False
FMBL,Farmers & Merchants Bank of Long Beach,False,False,True,True,False
FMBM,F & M Bank Corp,False,False,True,True,False
FMCB,Farmers & Merchants Bancorp,False,False,True,True,False
FMCC,Federal Home Loan Mortgage Corp,False,False,True,True,False
FMD,The First Marblehead Corp,False,False,True,False,False
FMFG,Farmers and Merchants Bancshares Inc (MD),False,False,True,True,False
FMOO,F & M Bancorp Ohio,False,False,True,True,False
FNCX,Function(x) Inc,False,False,True,False,False
FNGO,,False,False,True,True,False
FNGZ,,False,False,True,True,False
FNHM,FNBH Bancorp Inc,False,False,True,True,False
FNMA,Fannie Mae,False,False,True,True,False
FNRN,First Northern Community Bancorp,False,False,True,True,False
FNTE,FinTech Acquisition Corp II,False,False,True,False,False
FOFN,Four Oaks Fincorp Inc,False,False,True,False,False
FOLB,Folsom Lake Bank Ca,False,False,True,False,False
FOSI,TRICCAR Inc,False,False,True,True,False
FPBF,FPB Financial Corp,False,False,True,False,False
FRMO,FRMO Corp,False,False,True,True,False
FRSB,First Resource Bank,False,False,True,True,False
FSBS,First South Bancorp Inc,False,False,True,False,False
FSDK,First Citizens National Bank,False,False,True,True,False
FSFF,First Suffield Financial Inc,False,False,True,False,False
FSNR,Freestone Resources Inc,False,False,True,True,False
FSRL,First Reliance Bancshares Inc,False,False,True,True,False
FT,,False,False,True,True,False
FTDL,FirsTime Design Ltd,False,False,True,True,False
FTLF,FitLife Brands Inc,False,False,True,True,False
FTMR,Fortem Resources Inc,False,False,True,True,False
FULO,Fullnet Communications Inc,False,False,True,True,False
FVRG,ForeverGreen Worldwide Corp,False,False,True,True,False
FWVB,First West Virginia Bancorp Inc,False,False,True,False,False
FXCB,Fox Chase Bancorp Inc,False,False,True,False,False
FZMD,Fuse Medical Inc,False,False,True,True,False
GAB,,False,False,True,True,False
GAI,Global-Tech Advanced Innovations Inc,False,False,True,True,False
GAME,Shanda Games Ltd,False,False,True,False,False
GBCS,Global Healthcare REIT Inc,False,False,True,True,False
GBGD,Global Gold Corp,False,False,True,True,False
GBLX,GB Sciences Inc,False,False,True,True,False
GBTC,Bitcoin Investment Trust,False,False,True,True,False
GCAN,Greater Cannabis Co Inc,False,False,True,True,False
GDV,,False,False,True,True,False
GEEK,Internet America Inc,False,False,True,False,False
GERS,Greenshift Corp,False,False,True,True,False
GFGY,Granite Falls Energy LLC,False,False,True,True,False
GFIG,GFI Group Inc,False,False,True,False,False
GGN,,False,False,True,True,False
GGT,,False,False,True,True,False
GGZ,,False,False,True,True,False
GHDS,Greater Hudson Bank,False,False,True,False,False
GIGL,Giggles N' Hugs Inc,False,False,True,True,False
GIMU,Universal Resources,False,False,True,False,False
GKIT,Greenkraft Inc,False,False,True,True,False
GLAE,GlassBridge Enterprises Inc,False,False,True,True,False
GLCH,Gleacher & Co Inc,False,False,True,False,False
GLDC,Golden Enterprises Inc,False,False,True,False,False
GLFH,Galenfeha Inc,False,False,True,True,False
GLGI,Greystone Logistics Inc,False,False,True,True,False
GLNV,Glenville Bank Holding Co Inc,False,False,True,True,False
GLTC,GelTech Solutions Inc,False,False,True,True,False
GLU,,False,False,True,True,False
GLUX,Great Lakes Aviation Ltd,False,False,True,True,False
GLXZ,Galaxy Gaming Inc,False,False,True,True,False
GLYE,GlyEco Inc,False,False,True,True,False
GMCR,Keurig Green Mountain Inc,False,False,True,False,False
GNAF,,False,False,True,True,False
GNBT,Generex Biotechnology Corp,False,False,True,True,False
GNSS,Genasys Inc,False,False,True,True,False
GNT,,False,False,True,True,False
GOVB,Gouverneur Bancorp Inc,False,False,True,True,False
GOVX,Geovax Labs Inc,False,False,True,True,False
GPDB,Green PolkaDot Box Inc,False,False,True,True,False
GPLB,Green Planet Bioengineering Co Ltd,False,False,True,True,False
GPNC,Grandpoint Capital Inc,False,False,True,False,False
GRBS,Greer Bancshares Inc,False,False,True,False,False
GRMC,Goldrich Mining Co,False,False,True,True,False
GRMS,Green Energy Management Services Holdings Inc,False,False,True,False,False
GRNE,Green Endeavors Inc,False,False,True,False,False
GRO,Agria Corp,False,False,True,False,False
GRWC,Grow Capital Inc,False,False,True,True,False
GRX,,False,False,True,True,False
GSIH,General Steel Holdings Inc,False,False,True,True,False
GSOL,Global Sources Ltd,False,False,True,False,False
GSPE,Gulfslope Energy Inc,False,False,True,True,False
GTBP,GT Biopharma Inc,False,False,True,True,False
GTHP,Guided Therapeutics Inc,False,False,True,True,False
GTII,Global Tech Industries Group Inc,False,False,True,True,False
GTMM,Guitammer Co,False,False,True,True,False
GTOR,Gold Torrent Inc,False,False,True,False,False
GTXO,GTX Corp,False,False,True,True,False
GUID,Guidance Software Inc,False,False,True,False,False
GULD,Gold Hill Resources Inc,False,False,True,True,False
GUT,,False,False,True,True,False
GVYB,Golden Valley Bank Chico California,False,False,True,True,False
GWIN,Glorywin Entertainment Group Inc,False,False,True,True,False
GWTI,Greenway Technologies Inc,False,False,True,True,False
GYC,,False,False,True,True,False
GYST,The Graystone Co Inc,False,False,True,True,False
HASC,Hasco Medical Inc,False,False,True,False,False
HBIA,Hills Bancorp,False,False,True,True,False
HCBN,HCB Financial Corp,False,False,True,True,False
HCCC,H/Cell Energy Corp,False,False,True,True,False
HCFB,HCSB Financial Corp,False,False,True,False,False
HCGS,HighCom Global Security Inc,False,False,True,True,False
HCYT,H-CYTE Inc,False,False,True,True,False
HDII,Hypertension Diagnostics Inc,False,False,True,True,False
HDVY,Health Discovery Corp,False,False,True,True,False
HEMA,HemaCare Corp,False,False,True,False,False
HEMP,Hemp Inc,False,False,True,True,False
HEWA,HealthWarehouse.com Inc,False,False,True,True,False
HFBK,Harford Bank,False,False,True,True,False
HFFC,HF Financial Corp,False,False,True,False,False
HGBL,Heritage Global Inc,False,False,True,True,False
HGEN,Humanigen Inc,False,False,True,True,False
HHER,Her Imports,False,False,True,True,False
HIBE,Hibernia Bancorp Inc,False,False,True,False,False
HILL,Dot Hill Systems Corp,False,False,True,False,False
HLAN,Heartland Bancorp,False,False,True,True,False
HLFN,Home Loan Financial Corp,False,False,True,True,False
HLIX,Helix TCS Inc,False,False,True,True,False
HLND,Highlands Bankshares Inc,False,False,True,False,False
HLWD,Almost Never Films Inc,False,False,True,True,False
HMIN,Homeinns Hotel Group,False,False,True,False,False
HMMR,Hammer Fiber Optics Holdings Corp,False,False,True,True,False
HNDI,Handeni Gold Inc,False,False,True,True,False
HNR,Harvest Natural Resources Inc,False,False,True,False,False
HNSN,Hansen Medical Inc,False,False,True,False,False
HOFD,HomeFed Corp,False,False,True,False,False
HOTF,Hot Mama''s Foods Inc,False,False,True,True,False
HPMM,Hemp Naturals Inc,False,False,True,True,False
HPTO,hopTo Inc,False,False,True,True,False
HPY,Heartland Payment Systems Inc,False,False,True,False,False
HQH,,False,False,True,True,False
HQL,,False,False,True,True,False
HRGG,Heritage NOLA Bancorp Inc,False,False,True,True,False
HSBK,Highlands Bancorp Inc,False,False,True,False,False
HSTC,HST Global Inc,False,False,True,True,False
HSTG,Holographic Storage Ltd,False,False,True,True,False
HTS,Hatteras Financial Corp,False,False,True,False,False
HWRI,Hayward Industries Inc,False,False,True,False,False
HYDI,Hydromer Inc,False,False,True,True,False
IAIC,Information Analysis Inc,False,False,True,True,False
IARE,InvenTrust Properties Corp,False,False,True,True,False
IBAL,International Baler Corp,False,False,True,True,False
IBBI,Indiana Business Bancorp,False,False,True,False,False
IDEA,Invent Ventures Inc,False,False,True,True,False
IDTY,Ipsidy Inc,False,False,True,True,False
IEBS,Independence Bancshares Inc,False,False,True,False,False
IEHC,IEH Corp,False,False,True,True,False
IFIT,iSatori Inc,False,False,True,False,False
IFNY,Infinity Energy Resources Inc,False,False,True,True,False
IFUE,Fuel Performance Solutions Inc,False,False,True,False,False
IGOI,iGo Inc,False,False,True,True,False
IGSC,IGS Capital Group Ltd,False,False,True,True,False
IGXT,Intelgenx Technologies Corp,False,False,True,True,False
IHRC,Investors Heritage Capital Corporation,False,False,True,False,False
IIBK,Idaho Independent Bank,False,False,True,False,False
IINX,Ionix Technology Inc,False,False,True,True,False
IMBI,iMedia Brands Inc,False,False,True,True,False
IMCI,Infinite Group Inc,False,False,True,True,False
IMII,Inception Mining Inc,False,False,True,True,False
IMLE,TransBiotec Inc,False,False,True,True,False
IMPR,Imprivata Inc,False,False,True,False,False
IMS,IMS Health Holdings Inc,False,False,True,False,False
IMUN,Immune Therapeutics Inc,False,False,True,True,False
INBP,Integrated Biopharma Inc,False,False,True,True,False
INFT,Infinity Bank Santa Ana California,False,False,True,True,False
INIS,International Isotopes Inc,False,False,True,True,False
INNV,Innovus Pharmaceuticals Inc,False,False,True,False,False
INRD,Inrad Optics Inc,False,False,True,True,False
INSV,InSite Vision Inc,False,False,True,False,False
INTI,Inhibitor Therapeutics Inc,False,False,True,True,False
INTO,Initio Inc,False,False,True,True,False
INTZ,Intrusion Inc,False,False,True,True,False
INVS,InnoVision Labs Inc,False,False,True,True,False
INVU,Investview Inc,False,False,True,True,False
IOC,InterOil Corp,False,False,True,True,False
IOFB,Iowa First Bancshares Corp,False,False,True,True,False
IPIX,Innovation Pharmaceuticals Inc,False,False,True,True,False
IQNT,Inteliquent Inc,False,False,True,False,False
IRIG,Integrated Drilling Equipment Holdings Corp,False,False,True,True,False
IRLD,Ireland Inc,False,False,True,False,False
IRSB,Iris Biotechnologies Inc,False,False,True,False,False
ISAT,ISA Internationale Inc,False,False,True,True,False
ISBA,Isabella Bank Corp,False,False,True,True,False
ISCB,International Speedway Corp,False,False,True,False,False
ISCO,International Stem Cell Corp,False,False,True,True,False
ISGN,iSign Solutions Inc,False,False,True,True,False
ISOL,Image Software Inc,False,False,True,True,False
ISRB,Inspired Builders Inc,False,False,True,True,False
ITKG,Integral Technologies Inc,False,False,True,True,False
ITNM,International Monetary Systems Ltd,False,False,True,True,False
ITRK,Interlink Plus Inc,False,False,True,True,False
ITWG,International Wire Group Holdings Inc,False,False,True,False,False
IVDA,Iveda Solutions Inc,False,False,True,True,False
IVDN,Innovative Designs Inc,False,False,True,True,False
IVFH,Innovative Food Holdings Inc,False,False,True,True,False
IVTY,Invuity Inc,False,False,True,False,False
IWSY,ImageWare Systems Inc,False,False,True,True,False
JADG,Jade Global Holdings Inc,False,False,True,True,False
JAH,Jarden Corp,False,False,True,False,False
JANL,Janel World Trade Ltd.,False,False,True,True,False
JASO,JA Solar Holdings Co Ltd,False,False,True,False,False
JCLY,Jaclyn Inc,False,False,True,False,False
JDVB,Jd Bancshares Inc,False,False,True,True,False
JEMD,,False,False,True,True,False
JFGI,Jacobs Financial Group Inc,False,False,True,False,False
JHD,,False,False,True,True,False
JHI,,False,False,True,True,False
JHS,,False,False,True,True,False
JKSM,Jacksam Corp,False,False,True,True,False
JMBA,Jamba Inc,False,False,True,False,False
JMDA,Jerrick Media Holdings Inc,False,False,True,True,False
JMSB,John Marshall Bancorp Inc,False,False,True,True,False
JNES,Jonestown Bank & Trust Co,False,False,True,True,False
JPEI,JPE Inc,False,False,True,True,False
JUNO,Juno Therapeutics Inc,False,False,True,False,False
JUVF,Juniata Valley Financial Corp,False,False,True,True,False
KALO,Kallo Inc,False,False,True,True,False
KAYS,Kaya Holdings Inc,False,False,True,True,False
KDUS,Cadus Corp,False,False,True,False,False
KISB,Kish Bancorp Inc,False,False,True,True,False
KNOS,Kronos Advanced Technologies Inc,False,False,True,True,False
KNWN,Know Labs Inc,False,False,True,True,False
KSBI,KS Bancorp Inc,False,False,True,True,False
KSHB,KushCo Holdings Inc,False,False,True,True,False
KSM,,False,False,True,True,False
KTEC,Key Technology Inc,False,False,True,False,False
KTEL,KonaTel Inc,False,False,True,True,False
KTF,,False,False,True,True,False
KTYB,Kentucky Bancshares Inc,False,False,True,True,False
KUTV,Ku6 Media Co Ltd,False,False,True,False,False
KWBT,Kiwa Bio-Tech Products Group Corp,False,False,True,True,False
LBBB,Liberty Bell Bank,False,False,True,False,False
LBDC,,False,False,True,False,False
LBMH,Liberator Medical Holdings Inc,False,False,True,False,False
LBUY,Leafbuyer Technologies Inc,False,False,True,True,False
LCDX,Lucid Inc,False,False,True,True,False
LDKB,Landmark Bancorp Inc,False,False,True,True,False
LDRH,LDR Holding Corp,False,False,True,False,False
LEAI,Legacy Education Alliance Inc,False,False,True,True,False
LEAT,Leatt Corp,False,False,True,True,False
LEO,,False,False,True,True,False
LFGP,Ledyard Financial Group Inc,False,False,True,True,False
LGHT,Lighthouse Bank Ca,False,False,True,False,False
LGYV,Legacy Ventures International Inc,False,False,True,True,False
LIME,Lime Energy Co,False,False,True,True,False
LIVC,Live Current Media Inc,False,False,True,True,False
LIXT,Lixte Biotech Holdings Inc,False,False,True,True,False
LKAI,LKA Gold Inc,False,False,True,True,False
LKII,Lazare Kaplan International Inc,False,False,True,False,False
LKM,Link Motion Inc,False,False,True,False,False
LNKD,LinkedIn Corp,False,False,True,False,False
LOGN,Logansport Financial Corp,False,False,True,True,False
LOGQ,Logicquest Technology Inc,False,False,True,True,False
LPAD,LaPolla Industries Inc,False,False,True,False,False
LPBC,Lincoln Park Bancorp,False,False,True,True,False
LPIH,Longwei Petroleum Investment Holding Ltd,False,False,True,False,False
LPTC,Leap Technology Inc,False,False,True,True,False
LQMT,Liquidmetal Technologies Inc,False,False,True,True,False
LSBG,Lake Sunapee Bank Group,False,False,True,False,False
LSCG,Lighting Science Group Corp,False,False,True,True,False
LSG,Lake Shore Gold Corp,False,False,True,True,False
LSMG,Lode-Star Mining Inc,False,False,True,True,False
LSYN,Liberated Syndication Inc,False,False,True,True,False
LTUM,Lithium Corp,False,False,True,True,False
LUVU,Luvu Brands Inc,False,False,True,True,False
LVWD,LiveWorld Inc,False,False,True,True,False
LWLG,Lightwave Logic Inc,False,False,True,True,False
LWLW,Longwen Group Corp,False,False,True,True,False
LXRP,Lexaria Bioscience Corp,False,False,True,True,False
LYBC,Lyons Bancorp Inc,False,False,True,True,False
MAAL,Marketing Alliance Inc,False,False,True,True,False
MAGE,Magellan Gold Corp,False,False,True,True,False
MAST,Master Silicon Carbide Industries Inc,False,False,True,True,False
MATR,Mattersight Corp,False,False,True,True,False
MAV,,False,False,True,True,False
MBCQ,MB Bancorp Inc,False,False,True,False,False
MCBG,Mercersburg Financial Corp,False,False,True,False,False
MCBI,Mountain Commerce Bancorp Inc,False,False,True,True,False
MCCX,McorpCX Inc,False,False,True,True,False
MCEM,Monarch Cement Co,False,False,True,True,False
MCHA,Matchaah Holdings Inc,False,False,True,True,False
MCI,,False,False,True,True,False
MCLS,Medical Sciences Inc,False,False,True,True,False
MCOA,Marijuana Company of America Inc,False,False,True,True,False
MCR,,False,False,True,True,False
MCVT,Mill City Ventures III Ltd,False,False,True,True,False
MDCL,Medicine Man Technologies Inc,False,False,True,False,False
MDIT,Medite Cancer Diagnostics Inc,False,False,True,True,False
MDNB,Minden Bancorp Inc LA,False,False,True,False,False
MEDD,Medical Imaging Corp,False,False,True,True,False
MEEC,Midwest Energy Emissions Corp,False,False,True,True,False
MERR,Merriman Holdings Inc,False,False,True,True,False
MESG,Xura Inc,False,False,True,False,False
METR,Metro Bancorp Inc,False,False,True,True,False
MFBP,M & F Bancorp Inc,False,False,True,True,False
MFCO,Microwave Filter Co Inc,False,False,True,True,False
MFD,,False,False,True,True,False
MFLX,Multi-Fineline Electronix Inc,False,False,True,False,False
MFM,,False,False,True,True,False
MFON,Mobivity Holdings Corp,False,False,True,True,False
MFV,,False,False,True,True,False
MGTI,MGT Capital Investments Inc,False,False,True,True,False
MHGC,Morgans Hotel Group Co,False,False,True,False,False
MHGU,Meritage Hospitality Group Inc,False,False,True,True,False
MHI,,False,False,True,True,False
MHTX,Manhattan Scientifics Inc,False,False,True,True,False
MIHI,Medical Innovation Holdings Inc,False,False,True,True,False
MILC,Millennium Investment & Acquisition Co Inc,False,False,True,True,False
MIN,,False,False,True,True,False
MIXX,Mix 1 Life Inc,False,False,True,True,False
MJN,Mead Johnson Nutrition Co,False,False,True,False,False
MJNA,Medical Marijuana Inc,False,False,True,True,False
MJNE,MJ Holdings Inc,False,False,True,True,False
MKRS,Mikros Systems Corp,False,False,True,True,False
MKTY,Mechanical Technology Inc,False,False,True,True,False
MLGF,Malaga Financial Corp,False,False,True,True,False
MMMB,MamaMancini's Holdings Inc,False,False,True,True,False
MMMW,Mass Megawatts Wind Power Inc,False,False,True,True,False
MMND,Mastermind Inc,False,False,True,True,False
MNRK,Monarch Financial Holdings Inc,False,False,True,False,False
MNTR,Mentor Capital Inc,False,False,True,True,False
MOBI,Sky-mobi Ltd,False,False,True,False,False
MOBQ,Mobiquity Technologies Inc,False,False,True,True,False
MOMT,MoneyOnMobile Inc,False,False,True,True,False
MOST,MobileSmith Inc,False,False,True,True,False
MPAD,Micropac Industries Inc,False,False,True,True,False
MPAY,Mobetize Corp,False,False,True,True,False
MPMQ,MPM Holdings Inc,False,False,True,False,False
MPV,,False,False,True,True,False
MRMD,MariMed Inc,False,False,True,True,False
MRTI,Maxus Realty Trust Inc,False,False,True,True,False
MSLP,MusclePharm Corp,False,False,True,True,False
MTA,Metalla Royalty & Streaming Ltd,False,False,True,True,False
MTFC,Minster Financial Corp,False,False,True,True,False
MTGB,Meetinghouse Bancorp Inc,False,False,True,False,False
MTP,Midatech Pharma PLC,False,False,True,True,False
MTT,,False,False,True,True,False
MUEL,Paul Mueller Co,False,False,True,True,False
MVEN,theMaven Inc,False,False,True,True,False
MVLY,Mission Valley Bancorp,False,False,True,True,False
MWBC,MW Bancorp Inc,False,False,True,False,False
MWW,Monster Worldwide Inc,False,False,True,False,False
MXOM,Pan American Goldfields Ltd,False,False,True,False,False
MY,China Ming Yang Wind Power Group Ltd,False,False,True,False,False
MYDP,Dougherty's Pharmacy Inc,False,False,True,True,False
MYHI,Mountain High Acquisitions Corp,False,False,True,True,False
MYMX,Mymetics Corp,False,False,True,True,False
MYO,Myomo Inc,False,False,True,True,False
MYSL,My Screen Mobile Inc,False,False,True,True,False
NAYP,Naylor Pipe Co,False,False,True,True,False
NBCT,Northwest Bancorp Inc,False,False,True,False,False
NBIO,Nascent Biotech Inc,False,False,True,True,False
NDRM,NeuroDerm Ltd,False,False,True,False,False
NEFF,Neff Corp,False,False,True,False,False
NEIK,Northstar Electronics Inc,False,False,True,True,False
NEPH,Nephros Inc,False,False,True,True,False
NEUL,NeuLion Inc,False,False,True,False,False
NEXS,Nexus Biopharma Inc,False,False,True,True,False
NFBP,Newfield Bancorp Inc,False,False,True,False,False
NFTI,NoFire Technologies Inc,False,False,True,True,False
NGSX,NeurogesX Inc,False,False,True,False,False
NGTF,NightFood Holdings Inc,False,False,True,True,False
NHA,,False,False,True,True,False
NHEL,Natural Health Farm Holdings Inc,False,False,True,False,False
NIDB,Northeast Indiana Bancorp Inc,False,False,True,True,False
NIMU,Non-Invasive Monitoring Systems Inc,False,False,True,True,False
NJCB,New Jersey Community Bank,False,False,True,False,False
NJMC,New Jersey Mining Co,False,False,True,True,False
NMTC,NeuroOne Medical Technologies Corp,False,False,True,True,False
NMXS,Net Medical Xpress Solutions Inc,False,False,True,True,False
NNDM,Nano Dimension Ltd,False,False,True,True,False
NNUP,Nocopi Technologies Inc,False,False,True,True,False
NNVC,Nanoviricides Inc,False,False,True,True,False
NODB,North Dallas Bank & Trust Co,False,False,True,True,False
NOVC,Novation Companies Inc,False,False,True,True,False
NOVZ,Novagen Ingenium Inc,False,False,True,True,False
NPD,China Nepstar Chain Drugstore Ltd,False,False,True,False,False
NRCG,NRC Group Holdings Corp,False,False,True,False,False
NRGD,,False,False,True,True,False
NRGU,,False,False,True,True,False
NROM,Noble Roman's Inc,False,False,True,True,False
NSAT,Norsat International Inc,False,False,True,False,False
NSFC,Northern States Financial Corp,False,False,True,False,False
NSH,NuStar GP Holdings LLC,False,False,True,True,False
NSPX,Inspyr Therapeutics Inc,False,False,True,True,False
NTLS,NTELOS Holdings Corp,False,False,True,False,False
NUIN,Nutrastar International Inc,False,False,True,False,False
NVDQ,Novadaq Technologies Inc,False,False,True,False,False
NVGI,Noble Vici Group Inc,False,False,True,True,False
NVIV,InVivo Therapeutics Holdings Corp,False,False,True,True,False
NVSL,Naugatuck Valley Financial Corp,False,False,True,False,False
NVX,Nuveen CA Dividend Advantage Muni Fund 2,False,False,True,False,False
NWBB,New Bancorp Inc,False,False,True,True,False
NWBN,New Resource Bank CA,False,False,True,False,False
NWIN,Northwest Indiana Bancorp,False,False,True,True,False
NWYF,Northway Financial Inc,False,False,True,True,False
NXCN,NXChain Inc,False,False,True,False,False
NXN,,False,False,True,True,False
NXNN,Nexeon MedSystems Inc,False,False,True,True,False
NXP,,False,False,True,True,False
NXR,,False,False,True,True,False
NXZ,Nuveen Dividend Advantage Muni Fund 2,False,False,True,False,False
OCAT,Ocata Therapeutics Inc,False,False,True,False,False
OCLN,OriginClear Inc,False,False,True,True,False
OLBG,The OLB Group Inc,False,False,True,True,False
OMBP,Omni Bio Pharmaceutical Inc,False,False,True,False,False
OMCM,Omnicomm Systems Inc,False,False,True,False,False
OMTK,OmniTek Engineering Corp,False,False,True,True,False
ONDS,Ondas Holdings Inc,False,False,True,True,False
ONFC,Oneida Financial Corp,False,False,True,False,False
OPCO,Ourpet′s Co,False,False,True,False,False
OPVS,NanoFlex Power Corp,False,False,True,True,False
OPWR,Opower Inc,False,False,True,False,False
OPXS,Optex Systems Holdings Inc,False,False,True,True,False
ORBN,Oregon Bancorp Inc,False,False,True,True,False
ORNC,Oranco Inc,False,False,True,True,False
ORNT,Ournett Holdings Inc,False,False,True,True,False
ORXE,Ore Holdings Inc,False,False,True,False,False
OSBI,Ohio State Bancshares Inc,False,False,True,False,False
OSHC,Ocean Shore Holding Co,False,False,True,False,False
OWCP,OWC Pharmaceutical Research Corp,False,False,True,True,False
OXLC,,False,False,True,True,False
OXYS,OxySure Therapeutics Inc,False,False,True,False,False
PAIR,New Dimension Holdings Inc,False,False,True,True,False
PAOS,Amerinac Holding Corp,False,False,True,True,False
PAYD,Paid Inc,False,False,True,True,False
PBAM,Private Bancorp of America Inc,False,False,True,True,False
PBCO,Peoples Bank of Commerce OR,False,False,True,True,False
PBSV,Pharma-Bio Serv Inc,False,False,True,True,False
PCBC,Pacific Commerce Bancorp,False,False,True,False,False
PCFO,Pacific Office Properties Trust Inc,False,False,True,False,False
PCLB,Pinnacle Bancshares Inc,False,False,True,True,False
PCSA,Processa Pharmaceuticals Inc,False,False,True,True,False
PCSV,PCS Edventures!.com Inc,False,False,True,True,False
PCYN,Procyon Corp,False,False,True,True,False
PDOB,Presidio Bank,False,False,True,False,False
PDRB,Pandora Bancshares Inc,False,False,True,True,False
PEER,PeerStream Inc,False,False,True,True,False
PETV,PetVivo Holdings Inc,False,False,True,True,False
PEYE,Precision Optics Corp Inc,False,False,True,True,False
PFBN,Pacific Alliance Bank CA,False,False,True,True,False
PFHO,Pacific Health Care Organization Inc,False,False,True,True,False
PFLC,Pacific Financial Corp,False,False,True,True,False
PFTI,Puradyn Filter Technologies Inc,False,False,True,True,False
PGAS,Petrogress Inc,False,False,True,True,False
PGCG,Prime Global Capital Group Inc,False,False,True,True,False
PGND,Press Ganey Holdings Inc,False,False,True,False,False
PGNT,Paragon Technologies Inc,False,False,True,True,False
PGOL,Patriot Gold Corp,False,False,True,True,False
PGRD,Proguard Acquisition Corp,False,False,True,True,False
PGTK,Pacific Green Technologies Inc,False,False,True,True,False
PHD,,False,False,True,True,False
PHF,Pacholder High Yield Fund Inc,False,False,True,False,False
PHIO,Phio Pharmaceuticals Corp,False,False,True,True,False
PHOT,GrowLife Inc,False,False,True,True,False
PHT,,False,False,True,True,False
PIAC,Princeton Capital Corp,False,False,True,True,False
PIM,,False,False,True,True,False
PIXY,ShiftPixy Inc,False,False,True,True,False
PKPH,Peak Pharmaceuticals Inc,False,False,True,True,False
PKTX,ProtoKinetix Inc,False,False,True,True,False
PLNR,Planar Systems Inc,False,False,True,False,False
PLPM,Planet Payment Inc,False,False,True,False,False
PLRM,Pilgrim Bancshares Inc,False,False,True,True,False
PMCB,PharmaCyte Biotech Inc,False,False,True,True,False
PMHG,Prime Meridian Holding Co,False,False,True,True,False
PMM,,False,False,True,True,False
PMO,,False,False,True,True,False
PNBI,Pioneer Bankshares Inc,False,False,True,True,False
PNTV,Players Network,False,False,True,True,False
POAI,Predictive Oncology Inc,False,False,True,True,False
POGS,Pioneer Oil & Gas,False,False,True,True,False
PONT,Pontiac Bancorp Inc,False,False,True,True,False
POTN,Potnetwork Holdings Inc,False,False,True,True,False
PPBN,Pinnacle Bankshares Corp,False,False,True,True,False
PPCB,Propanc Biopharma Inc,False,False,True,True,False
PPLL,Peoples Ltd,False,False,True,True,False
PPNT,Pinpoint Recvry Solution Corp,False,False,True,False,False
PPT,,False,False,True,True,False
PRCB,Premier Commercial Bancorp,False,False,True,False,False
PRED,Predictive Technology Group Inc,False,False,True,True,False
PRH,,False,False,True,True,False
PRLE,Pillarstone Capital REIT,False,False,True,True,False
PRLX,Parallax Health Sciences Inc,False,False,True,True,False
PROM,Propel Media Inc,False,False,True,True,False
PROT,Proteonomix Inc,False,False,True,True,False
PRSG,Primus Guaranty Ltd,False,False,True,False,False
PRSI,Portsmouth Square Inc,False,False,True,True,False
PRTX,Protalex Inc,False,False,True,True,False
PRXG,Pernix Group Inc,False,False,True,True,False
PSBQ,PSB Holdings Inc,False,False,True,True,False
PSSR,PASSUR Aerospace Inc,False,False,True,True,False
PSTV,Plus Therapeutics Inc,False,False,True,True,False
PTAM,Potash America Inc,False,False,True,True,False
PTBS,Potomac Bancshares Inc,False,False,True,True,False
PTEO,Proteo Inc,False,False,True,True,False
PTIX,Protagenic Therapeutics Inc,False,False,True,True,False
PTRC,Petro River Oil Corp,False,False,True,True,False
PTRO,Petrominerals Corp,False,False,True,True,False
PUBC,PureBase Corp,False,False,True,True,False
PUSH,Publix Super Markets Inc,False,False,True,False,False
PVBK,Pacific Valley Bank,False,False,True,True,False
PVCT,Provectus Biopharmaceuticals Inc,False,False,True,True,False
PVNC,Prevention Insurance.com,False,False,True,True,False
PWCO,PwrCor Inc,False,False,True,True,False
PWON,Powin Energy Corp,False,False,True,True,False
PWX,Providence & Worcester Railroad Co,False,False,True,False,False
PXYN,Praxsyn Corp,False,False,True,True,False
PZE,Petrobras Argentina SA,False,False,True,False,False
QBIO,Q BioMed Inc,False,False,True,True,False
QEPC,Q.E.P. Co Inc,False,False,True,True,False
QHYG,QHY Group,False,False,True,True,False
QMCI,QuoteMedia Inc,False,False,True,True,False
QNBC,QNB Corp,False,False,True,True,False
QNTO,Quaint Oak Bancorp Inc,False,False,True,True,False
QPWR,Q2Earth Inc,False,False,True,True,False
QSEP,QS Energy Inc,False,False,True,True,False
QTMM,Quantum Materials Corp,False,False,True,True,False
QTXB,Quantrx Biomedical Corp,False,False,True,True,False
RA,,False,False,True,True,False
RAFI,Regency Affiliates Inc,False,False,True,True,False
RAIO,Radioio Inc,False,False,True,True,False
RAX,Rackspace Hosting Inc,False,False,True,False,False
RBCL,RBC Life Sciences Inc,False,False,True,True,False
RCAR,RenovaCare Inc,False,False,True,True,False
RCB,,False,False,True,True,False
RCP,,False,False,True,True,False
RDGA,Ridgefield Acquisition Corp,False,False,True,True,False
RDGL,Vivos Inc,False,False,True,True,False
REAC,REAC Group Inc,False,False,True,True,False
REMI,Remedent Inc,False,False,True,True,False
REMY,"Remy International, Inc.",False,False,True,False,False
RENX,RELX NV,False,False,True,True,False
REVB,Revere Bank,False,False,True,False,False
RGFR,Rangeford Resources Inc,False,False,True,False,False
RGIN,Regenicin Inc,False,False,True,True,False
RGNP,Reign Res Corp,False,False,True,True,False
RGRX,Regenerx Biopharmaceuticals Inc,False,False,True,True,False
RGT,,False,False,True,True,False
RGUS,Regi US Inc,False,False,True,True,False
RHNO,Rhino Resource Partners LP,False,False,True,True,False
RHSC,Robertson Global Health Solutions Corp,False,False,True,False,False
RHT,Red Hat Inc,False,False,True,False,False
RKT,WestRock Co,False,False,True,False,False
RLBY,Reliability Inc,False,False,True,True,False
RLOC,ReachLocal Inc,False,False,True,False,False
RLYP,Relypsa Inc,False,False,True,False,False
RMES,Red Metal Resources Ltd,False,False,True,True,False
RMHB,Rocky Mountain High Brands Inc,False,False,True,True,False
RMT,,False,False,True,True,False
ROGP,Royale Globe Holding Inc,False,False,True,False,False
ROIQ,ROI Acquisition Corp II,False,False,True,False,False
ROYE,Royal Energy Resources Inc,False,False,True,True,False
RPMT,Rego Payment Architectures Inc,False,False,True,True,False
RPTP,Raptor Pharmaceutical Corp,False,False,True,False,False
RRM,RR Media Ltd,False,False,True,False,False
RSPI,RespireRx Pharmaceuticals Inc,False,False,True,True,False
RSPP,RSP Permian Inc,False,False,True,False,False
RSRV,The Reserve Petroleum Co,False,False,True,True,False
RTSO,RTS Oil Holdings Inc,False,False,True,True,False
RVT,,False,False,True,True,False
RWCB,Redwood Capital Bancorp,False,False,True,True,False
RWWI,Rand Worldwide Inc,False,False,True,True,False
RYES,Rise Gold Corp,False,False,True,True,False
RYFL,Royal Financial Inc,False,False,True,True,False
RZLT,Rezolute Inc,False,False,True,True,False
SAB,,False,False,True,False,False
SABN,Sabine Oil & Gas Holdings Inc,False,False,True,True,False
SANT,Santeon Group Inc,False,False,True,True,False
SARA,Saratoga Resources Inc,False,False,True,False,False
SBAZ,State Bank Corp,False,False,True,False,False
SBFC,Southeastern Bank Financial Corp,False,False,True,False,False
SBHO,Steuben Trust Co,False,False,True,True,False
SBKK,Suncrest Bank,False,False,True,True,False
SBTB,SBT Bancorp Inc,False,False,True,False,False
SCA,,False,False,True,True,False
SCAF,Security California Bancorp,False,False,True,False,False
SCBH,Seacoast Commerce Banc Holdings,False,False,True,True,False
SCCB,,False,False,True,True,False
SCG,SCANA Corp,False,False,True,False,False
SCIA,SCI Engineered Materials Inc,False,False,True,True,False
SCIO,Scio Diamond Technology Corp,False,False,True,False,False
SCIV,Savings Bank,False,False,True,False,False
SCMP,Sucampo Pharmaceuticals Inc,False,False,True,False,False
SCND,Scientific Industries Inc,False,False,True,True,False
SCOO,School Specialty Inc,False,False,True,True,False
SCSG,Southcrest Financial Group Inc,False,False,True,True,False
SCVM,Scivanta Medical Corp,False,False,True,False,False
SCYT,Security Bancorp Inc,False,False,True,True,False
SCZC,Santa Cruz County Bank,False,False,True,True,False
SDON,Sandston Corp,False,False,True,True,False
SDRC,Sidney Resources Corp,False,False,True,True,False
SECI,Sector 10 Inc,False,False,True,False,False
SELR,Steele Oceanic Corp,False,False,True,True,False
SENR,Strategic Environmental & Energy Resources Inc,False,False,True,True,False
SENY,Sauer Energy Inc,False,False,True,True,False
SFDL,Security Federal Corp,False,False,True,True,False
SFEF,Santa Fe Financial Corp,False,False,True,True,False
SFEG,Santa Fe Gold Corp,False,False,True,True,False
SFET,Safe-T Group Ltd,False,False,True,True,False
SGBI,Sangui Biotech International Inc,False,False,True,True,False
SGBX,SG Blocks Inc,False,False,True,True,False
SGLB,Sigma Labs Inc,False,False,True,True,False
SGSI,Spectrum Global Solutions Inc,False,False,True,False,False
SHRC,Shore Community Bank Toms River NJ,False,False,True,False,False
SHRG,Sharing Services Global Corp,False,False,True,True,False
SIAF,Sino Agro Food Inc,False,False,True,True,False
SIAL,Sigma-Aldrich Corp,False,False,True,True,False
SIBC,State Investors Bancorp Inc,False,False,True,False,False
SINC,Sincerity Applied Materials Holdings Corp,False,False,True,True,False
SIRO,Sirona Dental Systems Inc,False,False,True,False,False
SKAS,Saker Aviation Services Inc,False,False,True,True,False
SKKY,Skkynet Cloud Systems Inc,False,False,True,True,False
SKUL,Skullcandy Inc,False,False,True,False,False
SKVI,Skinvisible Inc,False,False,True,True,False
SKYL,Sky Resort International Ltd,False,False,True,True,False
SLI,SL Industries Inc,False,False,True,False,False
SLNM,Salon Media Group Inc,False,False,True,True,False
SLRK,Solera National Bancorp Inc,False,False,True,True,False
SLS,SELLAS Life Sciences Group Inc,False,False,True,True,False
SLVH,Silver Hill Mines Inc,False,False,True,True,False
SLVO,,False,False,True,True,False
SMDM,Singing Machine Co Inc,False,False,True,True,False
SMGI,SMG Industries Inc,False,False,True,True,False
SMID,Smith-Midland Corp,False,False,True,True,False
SMM,,False,False,True,True,False
SMPR,Standard Metals Processing Inc,False,False,True,True,False
SMRS,Star Mountain Resources Inc,False,False,True,True,False
SMTI,Sanara MedTech Inc,False,False,True,True,False
SNBP,Sun BioPharma Inc,False,False,True,True,False
SNDK,SanDisk Corp,False,False,True,False,False
SNI,Scripps Networks Interactive Inc,False,False,True,True,False
SNNF,Seneca Financial Corp,False,False,True,True,False
SNNY,Sunnyside Bancorp Inc,False,False,True,True,False
SNTW,Summit Networks Inc,False,False,True,True,False
SNWV,SANUWAVE Health Inc,False,False,True,True,False
SNYR,Synergy CHC Corp,False,False,True,True,False
SOCB,Southcoast Financial Corp,False,False,True,False,False
SODI,Solitron Devices Inc,False,False,True,True,False
SOLI,Solei Systems Inc,False,False,True,True,False
SOMC,Southern Michigan Bancorp Inc,False,False,True,True,False
SOR,,False,False,True,True,False
SOTK,Sono-Tek Corp,False,False,True,True,False
SPDC,Speed Commerce Inc,False,False,True,True,False
SPEC,SpectralCast Inc,False,False,True,True,False
SPGZ,Spectrum Group International Inc,False,False,True,True,False
SPIN,Spine Injury Solutions Inc,False,False,True,True,False
SPRS,Surge Components Inc,False,False,True,True,False
SPSY,Space Propulsion Systems Inc,False,False,True,True,False
SQFL,SQL Technologies Corp,False,False,True,True,False
SQI,SciQuest Inc,False,False,True,True,False
SRCH,Searchlight Minerals Corp,False,False,True,True,False
SRGZ,Star Gold Corp.,False,False,True,True,False
SRMC,Sierra Monitor Corp,False,False,True,False,False
SRNA,Surna Inc,False,False,True,True,False
SRNN,Southern Banc Co Inc,False,False,True,True,False
SRYB,Surrey Bancorp,False,False,True,True,False
SSBP,SSB Bancorp Inc,False,False,True,True,False
SSNF,Sunshine Financial Inc,False,False,True,False,False
SSNI,Silver Spring Networks Inc,False,False,True,False,False
SSRG,Symmetry Surgical Inc,False,False,True,False,False
STBI,Sturgis Bancorp Inc,False,False,True,True,False
STCB,Starco Brands Inc,False,False,True,True,False
STCC,Sterling Consolidated Corp,False,False,True,True,False
STDY,SteadyMed Ltd,False,False,True,False,False
STJ,St Jude Medical Inc,False,False,True,True,False
STKR,ProPhotonix Ltd,False,False,True,True,False
STLT,Spotlight Innovation Inc,False,False,True,True,False
STNR,Steiner Leisure Ltd,False,False,True,False,False
STQN,Strategic Acquisitions Inc,False,False,True,True,False
STRP,Straight Path Communications Inc,False,False,True,False,False
STRZ,Star Buffet Inc,False,False,True,True,False
SUGR,Sugar Creek Financial Corp,False,False,True,True,False
SUIC,Sino United Worldwide Consolidated Ltd,False,False,True,True,False
SUME,Summer Energy Holdings Inc,False,False,True,True,False
SURG,Surge Holdings Inc,False,False,True,True,False
SUWN,Sunwin Stevia International Inc,False,False,True,True,False
SVBL,Silver Bull Resources Inc,False,False,True,True,False
SVLC,SilverCrest Mines Inc,False,False,True,False,False
SWJ,,False,False,True,False,False
SXCL,Steel Excel Inc,False,False,True,False,False
SYPT,Scrypt Inc,False,False,True,True,False
SYT,Syngenta AG,False,False,True,False,False
SYTE,Enterprise Diversified Inc,False,False,True,True,False
TACI,TransAtlantic Capital Inc,False,False,True,True,False
TALN,Talon International Inc,False,False,True,True,False
TAOM,Taomee Holdings Ltd,False,False,True,False,False
TAUG,Tauriga Sciences Inc,False,False,True,True,False
TBLT,ToughBuilt Industries Inc,False,False,True,True,False
TBTC,Table Trac Inc,False,False,True,True,False
TCEC,TransCoastal Corp,False,False,True,True,False
TDBK,Tidelands Bancshares Inc,False,False,True,False,False
TDCB,Third Century Bancorp,False,False,True,True,False
TDNT,Trident Brands Inc,False,False,True,True,False
TECR,TechCare Corp,False,False,True,True,False
TFIV,T5 Corp,False,False,True,True,False
TFM,Fresh Market Inc,False,False,True,False,False
TGLO,Theglobe.com Inc,False,False,True,True,False
THMG,Thunder Mountain Gold Inc,False,False,True,True,False
TIKK,Tel Instrument Electronics Corp,False,False,True,True,False
TIME,Time Inc,False,False,True,False,False
TIXC,Tix Corp,False,False,True,True,False
TKF,Turkish Investment Fund Inc,False,False,True,True,False
TKOI,Telkonet Inc,False,False,True,True,False
TLCC,Twinlab Consolidated Holdings Inc,False,False,True,True,False
TLRS,Timberline Resources Corp,False,False,True,True,False
TMED,Trimedyne Inc,False,False,True,False,False
TMPS,Tempus Applied Solutions Holdings Inc,False,False,True,True,False
TMRC,Texas Mineral Resources Corp,False,False,True,True,False
TNLX,Trans-Lux Corp,False,False,True,True,False
TNRG,Thunder Energies Corp,False,False,True,True,False
TNTY,Mitesco Inc,False,False,True,False,False
TNXP,Tonix Pharmaceuticals Holding Corp,False,False,True,True,False
TOFB,Tofutti Brands Inc,False,False,True,True,False
TPCA,Tropicana Entertainment Inc,False,False,True,False,False
TPCS,Techprecision Corp,False,False,True,True,False
TRCK,Track Group Inc,False,False,True,True,False
TRCY,Tri City Bankshares Corp,False,False,True,True,False
TRGM,Targeted Medical Pharma Inc,False,False,True,True,False
TRIG,Trio Industries Group Inc,False,False,True,True,False
TRIN,Trinity Capital Corp,False,False,True,False,False
TRNF,Taronis Fuels Inc,False,False,True,True,False
TRNX,Taronis Technologies Inc,False,False,True,True,False
TRTC,Terra Tech Corp,False,False,True,True,False
TRUX,Truxton Corp,False,False,True,True,False
TRVB,Tri-Valley Bank,False,False,True,False,False
TRXO,Columbine Valley Resources Inc,False,False,True,True,False
TSGL,The Staffing Group Ltd,False,False,True,True,False
TSL,Trina Solar Ltd,False,False,True,False,False
TSSI,TSS Inc,False,False,True,True,False
TTHI,Transition Therapeutics Inc,False,False,True,False,False
TTLO,Torotel Inc,False,False,True,True,False
TTSH,Tile Shop Holdings Inc,False,False,True,True,False
TUMI,Tumi Holdings Inc,False,False,True,False,False
TURV,Two Rivers Water & Farming Co,False,False,True,True,False
TVE,,False,False,True,True,False
TVMD,24/7 Kid Doc Inc,False,False,True,True,False
TWC,Time Warner Cable Inc,False,False,True,True,False
TWCF,Town & Country Financial Corp,False,False,True,True,False
TWOC,Trans World Corp,False,False,True,False,False
TWX,Time Warner Inc,False,False,True,False,False
TXHG,TX Holdings Inc,False,False,True,True,False
TXSP,Taxus Pharmaceuticals Holdings Inc,False,False,True,True,False
TY,,False,False,True,True,False
TYBT,Trinity Bank NA,False,False,True,True,False
TYG,,False,False,True,True,False
UAHC,United American Healthcare Corp,False,False,True,True,False
UCBA,United Community Bancorp,False,False,True,False,False
UCBB,US-China Biomedical Technology Inc,False,False,True,True,False
UCLE,US Nuclear Corp,False,False,True,True,False
UCPH,UCP Holdings Inc,False,False,True,False,False
UDFI,United Development Funding IV,False,False,True,True,False
UMAX,Umax Group Corp,False,False,True,True,False
UNBK,United National Bank,False,False,True,True,False
UNIB,University Bancorp Inc,False,False,True,True,False
UNIR,Uniroyal Global Engineered Products Inc,False,False,True,True,False
UPDC,UPD Holding Corp,False,False,True,True,False
UPLC,Ultra Petroleum Corp,False,False,True,True,False
UPNT,Uplift Nutrition Inc,False,False,True,False,False
USAS,Americas Gold And Silver Corp,False,False,True,True,False
USBL,United States Basketball League Inc,False,False,True,True,False
USRM,US Stem Cell Inc,False,False,True,True,False
UTGN,UTG Inc,False,False,True,True,False
UTIW,UTi Worldwide Inc,False,False,True,False,False
UWHR,Uwharrie Capital Corp,False,False,True,True,False
UZB,,False,False,True,True,False
VABB,Virginia Bank Bancshares Inc,False,False,True,True,False
VABK,Virginia National Bankshares Corp,False,False,True,True,False
VBIO,Vitality Biopharma Inc,False,False,True,False,False
VCBP,Valley Commerce Bancorp,False,False,True,False,False
VDTH,Videocon d2h Ltd,False,False,True,False,False
VEGL,Vegalab Inc,False,False,True,True,False
VEII,Value Exchange International Inc,False,False,True,True,False
VEND,Generation Next Franchise Brands Inc,False,False,True,True,False
VICA,Rafina Innovations Inc,False,False,True,True,False
VIMC,Vimicro International Corp,False,False,True,False,False
VINO,Gaucho Group Holdings Inc,False,False,True,True,False
VIPV,VIPR Corp,False,False,True,False,False
VKIN,Viking Energy Group Inc,False,False,True,True,False
VLDI,Validian Corp,False,False,True,True,False
VMSI,Vita Mobile Systems Inc,False,False,True,True,False
VODG,Vitro Diagnostics Inc,False,False,True,True,False
VOIL,Virtus Oil & Gas Corp,False,False,True,False,False
VPRB,VPR Brands LP,False,False,True,True,False
VRME,VerifyMe Inc,False,False,True,True,False
VRTC,Veritec Inc,False,False,True,True,False
VRTT,Viatar CTC Solutions Inc,False,False,True,True,False
VRUS,Verus International Inc,False,False,True,True,False
VSRI,Versar Inc,False,False,True,False,False
VTAE,Vitae Pharmaceuticals Inc,False,False,True,False,False
VTEQ,VeriTeQ Corp,False,False,True,True,False
VYCO,Vycor Medical Inc,False,False,True,True,False
VYEY,Victory Oilfield Tech Inc,False,False,True,True,False
VYST,Vystar Corp,False,False,True,True,False
WAKE,Wake Forest Bancshares Inc,False,False,True,True,False
WARM,Cool Technologies Inc,False,False,True,True,False
WAYS,Wave Sync Corp,False,False,True,True,False
WBBW,Westbury Bancorp Inc,False,False,True,True,False
WBHC,Wilson Bank Holding Co,False,False,True,False,False
WBSI,WebSafety Inc,False,False,True,True,False
WCRS,Western Capital Resources Inc,False,False,True,True,False
WCUI,Wellness Center USA Inc,False,False,True,True,False
WEBC,Webco Industries Inc,False,False,True,True,False
WEFP,Wells Financial Corp,False,False,True,False,False
WEIN,West End Indiana Bancshares Inc,False,False,True,True,False
WELX,Winland Holdings Corp,False,False,True,True,False
WEYL,Weyland Tech Inc,False,False,True,True,False
WFCF,Where Food Comes From Inc,False,False,True,True,False
WFM,Whole Foods Market Inc,False,False,True,False,False
WHZT,Whiting USA Trust II,False,False,True,True,False
WIBC,Wilshire Bancorp Inc,False,False,True,False,False
WIRX,Wireless Xcessories Group Inc,False,False,True,True,False
WISA,Summit Wireless Technologies Inc,False,False,True,True,False
WISH,Wright Investors' Service Holdings Inc,False,False,True,True,False
WIZD,Wizard Entertainment Inc,False,False,True,True,False
WIZP,Wize Pharma Inc,False,False,True,True,False
WKLN,Walker Lane Exploration Inc,False,False,True,True,False
WNDW,SolarWindow Technologies Inc,False,False,True,False,False
WSFL,Woodstock Holdings Inc,False,False,True,True,False
WWCC,International Child Care Corp,False,False,True,False,False
WWIN,AllyMe Group Inc,False,False,True,True,False
WX,WuXi PharmaTech (Cayman) Inc,False,False,True,False,False
XDSL,mPhase Technologies Inc,False,False,True,True,False
XL,XL Group Ltd,False,False,True,True,False
XOOM,Xoom Corp,False,False,True,False,False
XPWR,XZERES Corp,False,False,True,False,False
XRA,Exeter Resource Corp,False,False,True,False,False
XSPY,SPY Inc,False,False,True,False,False
XUE,Xueda Education Group,False,False,True,False,False
YEWB,Yew Bio-Pharm Group Inc,False,False,True,True,False
YOKU,Youku Tudou Inc,False,False,True,False,False
YRKB,York Traditions Bank,False,False,True,True,False
YSTR,Ystrategies Corp,False,False,True,False,False
YTEN,Yield10 Bioscience Inc,False,False,True,True,False
YUME,YuMe Inc,False,False,True,False,False
ZDPY,Zoned Properties Inc,False,False,True,True,False
ZIVO,Zivo Bioscience Inc,False,False,True,True,False
ZMTP,Zoom Telephonics Inc,False,False,True,True,False
ZPCM,NZCH Corp,False,False,True,False,False
ZSPH,ZS Pharma Inc,False,False,True,False,False
ZZLL,ZZLL Information Technology Inc,False,False,True,True,False
